[
  {
    "id": "f488db46-9380-45e2-b15e-4ace7bdb7c89",
    "name": "Drone",
    "description": "Tempo estimado: dentro de uma hora",
    "price": 49.99
  },
  {
    "id": "c7f6535c-c56b-4e57-94dc-0e95b936b00b",
    "name": "Express",
    "description": "Tempo estimado: 8-12 horas",
    "price": 9.99
  },
  {
    "id": "caa93bc4-d69a-4788-aff6-4a6fb538ace8",
    "name": "Standard",
    "description": "Tempo estimado: até uma semana",
    "price": 5.99
  },
  {
    "id": "c272fc43-28e4-4ffd-ae61-0cfdec565f6f",
    "name": "Buscar na loja",
    "description": "Horario de funcionamento: 8:00-18:00h",
    "price": 0
  }
]
