{
  "defaultSeverity": "error",
  "extends": [
    "tslint:recommended"
  ],
  "rulesDirectory": [
    "node_modules/codelyzer"
  ],
  "rules": {
    "trailing-comma": [
      false
    ],
    "directive-selector": [
      true,
      "attribute",
      "app",
      "camelCase"
    ],
    "component-selector": [
      true,
      "element",
      "app",
      "kebab-case"
    ],
    "use-input-property-decorator": true,
    "use-output-property-decorator": true,
    "use-host-property-decorator": true,
    "no-input-rename": true,
    "no-output-rename": true,
    "use-life-cycle-interface": true,
    "use-pipe-transform-interface": true,
    "component-class-suffix": true,
    "directive-class-suffix": true,
    "no-access-missing-member": true,
    "templates-use-public": true,
    "invoke-injectable": true
  }
}
